1,9,95,1,99,99,1,19,2
2,2,95,1,99,99,1,54,5
3,5,95,1,99,99,2,34,3
4,4,95,1,99,99,2,56,5
5,5,4,1,3,2,1,22,2
6,5,4,1,3,2,2,41,4
7,6,4,5,3,2,1,15,1
8,9,4,5,3,2,1,17,1
9,6,4,1,3,2,1,19,2
10,2,4,4,2,2,1,22,2
11,4,1,5,2,2,1,27,3
12,5,1,3,2,2,1,32,3
13,4,4,4,2,2,1,39,4
14,2,1,1,2,2,1,47,5
15,4,4,2,2,2,1,60,5
16,5,1,1,2,2,2,16,1
17,6,4,5,3,2,2,19,2
18,7,1,1,3,2,2,22,2
19,4,4,1,3,2,2,24,2
20,3,4,1,3,2,2,27,3
21,5,4,1,3,2,2,34,3
22,3,4,1,2,2,2,41,4
23,2,4,1,3,2,2,48,5
24,2,4,1,2,2,2,63,5
25,6,4,1,4,2,1,29,3
26,3,4,1,2,2,2,22,2
27,3,4,1,2,2,1,21,2
28,4,1,1,4,2,1,30,3
29,3,4,1,3,2,2,56,5
30,3,4,1,3,2,2,31,3
31,6,95,1,99,99,2,44,4
32,5,95,1,99,99,2,49,5
33,2,95,1,99,99,2,51,5
34,3,95,1,99,99,2,55,5
35,3,95,1,99,99,2,60,5
36,4,95,1,99,99,2,62,5
37,5,2,1,3,2,1,18,2
38,7,1,1,3,2,1,30,3
39,2,1,1,3,2,1,47,5
40,9,4,1,3,2,2,17,1
41,5,4,1,3,2,2,23,2
42,2,4,1,2,2,1,15,1
43,10,4,4,2,2,1,14,1
44,5,4,1,2,2,1,15,1
45,4,4,1,4,2,1,16,1
46,7,4,1,3,2,1,17,1
47,5,4,1,3,2,1,17,1
48,6,4,5,2,2,1,18,2
49,2,1,5,2,2,1,20,2
50,3,1,1,2,2,1,22,2
51,8,4,1,2,2,1,24,2
52,4,4,1,3,2,1,26,3
53,4,4,1,2,2,1,27,3
54,5,4,1,2,2,1,30,3
55,9,1,1,3,2,1,33,3
56,2,4,1,3,2,1,36,4
57,2,4,1,3,2,1,38,4
58,5,4,1,2,2,1,43,4
59,6,4,1,2,2,1,47,5
60,3,2,1,3,2,1,53,5
61,4,4,2,3,2,1,59,5
62,5,4,5,3,2,2,13,1
63,6,1,1,2,2,2,15,1
64,4,5,5,2,2,2,16,1
65,4,4,2,3,2,2,17,1
66,4,4,1,2,2,2,19,2
67,3,4,1,3,2,2,20,2
68,4,4,1,2,2,2,21,2
69,8,4,1,3,2,2,22,2
70,6,4,5,3,2,2,23,2
71,6,4,1,3,2,2,24,2
72,6,4,5,3,2,2,25,2
73,4,1,1,3,2,2,26,3
74,3,1,1,2,2,2,26,3
75,4,4,1,2,2,2,28,3
76,4,4,1,2,2,2,30,3
77,3,4,1,2,2,2,31,3
78,5,4,5,3,2,2,33,3
79,3,4,1,3,2,2,35,3
80,10,4,1,2,3,2,39,4
81,2,4,1,3,2,2,43,4
82,2,4,1,3,2,2,46,5
83,3,4,1,3,2,2,47,5
84,4,4,1,3,2,2,53,5
85,3,1,1,3,2,2,58,5
86,4,4,5,3,2,2,64,5
87,1,4,1,3,2,1,18,2
88,2,4,1,4,2,1,28,3
89,4,4,1,3,1,1,42,4
90,5,95,1,2,1,1,62,5
91,9,4,1,3,2,2,28,3
92,5,4,1,3,2,2,43,4
93,5,96,1,2,2,1,21,2
94,4,4,5,2,2,2,36,4
95,5,4,1,3,1,1,42,4
96,4,2,1,2,2,2,34,3
97,3,4,1,2,2,2,29,3
98,7,4,4,3,2,2,35,3
99,4,4,1,2,2,2,37,4
100,4,4,1,3,2,1,26,3
101,4,96,1,2,2,1,20,2
102,3,4,1,4,3,1,43,4
103,4,4,4,2,2,1,37,4
104,1,1,5,4,1,2,27,3
105,4,4,5,2,2,2,13,1
106,3,95,1,99,99,1,24,2
107,9,95,1,99,99,1,51,5
108,3,95,2,99,99,2,32,3
109,4,95,1,99,99,2,55,5
110,4,4,1,2,2,1,19,2
111,4,4,4,3,2,2,23,2
112,3,4,5,2,2,1,15,1
113,4,4,1,2,2,1,16,1
114,6,4,1,2,2,1,18,2
115,6,1,1,2,2,1,22,2
116,2,4,1,3,2,1,26,3
117,5,4,4,2,2,1,31,3
118,6,4,1,2,2,1,38,4
119,6,4,1,3,2,1,47,5
120,6,4,1,2,2,1,59,5
121,4,4,5,3,2,2,15,1
122,4,4,1,3,2,2,18,2
123,6,4,1,3,2,2,21,2
124,6,4,1,4,3,2,24,2
125,3,1,1,4,2,2,27,3
126,4,1,5,2,2,2,33,3
127,4,4,1,3,2,2,40,4
128,5,4,1,3,2,2,47,5
129,4,1,1,2,2,2,59,5
130,6,4,1,2,2,1,27,3
131,4,4,1,2,2,2,19,2
132,4,4,1,2,2,1,19,2
133,4,4,1,2,2,2,35,3
134,6,7,1,3,2,1,37,4
135,3,4,1,4,3,1,44,4
136,4,4,5,2,2,2,20,2
137,2,95,1,99,99,1,29,3
138,2,95,1,99,99,2,45,4
139,6,95,1,99,99,2,50,5
140,5,95,1,99,99,2,53,5
141,3,95,1,99,99,2,58,5
142,4,95,1,99,99,2,61,5
143,5,95,1,99,99,2,65,5
144,4,4,1,2,2,1,19,2
145,5,4,1,3,2,1,34,3
146,2,1,1,2,2,1,51,5
147,5,4,1,2,2,2,20,2
148,3,4,1,2,2,2,44,4
149,2,4,1,2,2,1,16,1
150,6,4,5,3,2,1,14,1
151,6,4,5,3,2,1,15,1
152,8,4,1,2,2,1,16,1
153,3,1,1,1,2,1,17,1
154,3,4,4,2,2,1,17,1
155,6,4,1,1,2,1,18,2
156,7,1,5,3,2,1,20,2
157,3,4,1,3,2,1,22,2
158,5,1,4,2,2,1,24,2
159,3,4,2,1,2,1,26,3
160,9,4,1,3,2,1,28,3
161,4,1,1,3,1,1,30,3
162,2,4,1,3,2,1,33,3
163,4,4,1,2,2,1,37,4
164,6,1,4,2,2,1,39,4
165,8,4,1,2,2,1,43,4
166,1,4,1,2,2,1,47,5
167,1,4,1,4,2,1,53,5
168,3,4,1,3,2,1,59,5
169,2,4,1,2,2,2,13,1
170,4,1,1,2,2,2,15,1
171,4,4,5,3,2,2,16,1
172,6,4,1,3,2,2,18,2
173,4,1,1,3,2,2,19,2
174,1,4,1,1,2,2,20,2
175,5,4,1,2,2,2,21,2
176,2,4,1,3,2,2,22,2
177,5,4,1,3,2,2,23,2
178,7,4,1,3,2,2,24,2
179,3,4,1,2,2,2,25,2
180,4,4,1,2,2,2,26,3
181,3,4,1,3,2,2,26,3
182,3,1,1,2,2,2,28,3
183,3,4,1,2,2,2,30,3
184,2,4,1,2,2,2,31,3
185,2,4,1,2,2,2,33,3
186,3,1,5,2,2,2,35,3
187,5,4,1,3,2,2,40,4
188,4,4,5,3,2,2,43,4
189,3,4,1,3,2,2,46,5
190,2,4,1,1,2,2,47,5
191,5,4,1,99,2,2,53,5
192,4,4,1,3,2,2,58,5
193,9,4,2,4,2,1,18,2
194,5,4,1,3,2,1,18,2
195,2,4,1,4,2,1,29,3
196,4,4,1,2,1,1,42,4
197,7,1,1,3,2,2,17,1
198,3,4,5,3,2,2,29,3
199,5,4,1,3,2,2,44,4
200,2,4,1,3,2,2,18,2
201,4,4,5,2,2,2,41,4
202,5,4,1,3,1,1,44,4
203,4,4,1,2,2,2,39,4
204,4,4,6,2,2,1,36,4
205,6,7,1,3,2,1,38,4
206,5,4,1,2,2,2,29,3
207,5,4,1,2,2,2,33,3
208,4,96,1,2,2,1,23,2
209,3,1,1,4,2,2,28,3
210,2,4,1,3,1,1,29,3
211,4,4,5,2,2,2,14,1
212,2,95,1,99, ,1,26,3
213,4,95,1,99, ,1,57,5
214,7,95,1,99, ,2,43,4
215,4,95,1,99, ,2,60,5
216,3,4,1,3,2,1,33,3
217,3,4,1,2,2,1,50,5
218,7,4,1,2,2,1,15,1
219,6,4,1,2,2,1,17,1
220,2,4,1,2,2,1,20,2
221,6,4,5,3,2,1,23,2
222,3,4,6,3,2,1,27,3
223,6,4,2,1,2,1,33,3
224,6,1,4,2,2,1,40,4
225,8,4,1,99,2,1,50,5
226,4,4,1,2,2,1,65,5
227,6,4,5,2,2,2,16,1
228,6,2,1,2,2,2,19,2
229,1,4,1,1,2,2,22,2
230,5,4,1,2,2,2,25,2
231,3,4,1,2,2,2,28,3
232,3,1,5,2,2,2,35,3
233,6,1,1,3,2,2,42,4
234,4,4,1,2,2,2,50,5
235,4,4,1,2,2,1,29,3
236,3,4,1,3,2,1,34,3
237,5,4,4,3,2,2,26,3
238,5,4,1,3,2,2,58,5
239,4,4,1,2,2,2,36,4
240,3,4,1,2,2,2,60,5
241,6,1,1,2,2,1,19,2
242,4,95,1,99,99,1,25,2
243,5,95,1,99,99,1,41,4
244,3,95,1,99,99,1,46,5
245,1,95,2,99,99,1,55,5
246,4,95,1,99,99,1,60,5
247,3,95,2,99,99,2,22,2
248,3,95,2,99,99,2,33,3
249,4,95,1,99,99,2,48,5
250,3,95,1,99,99,2,50,5
251,1,95,2,99,99,2,55,5
252,4,95,1,99,99,2,60,5
253,3,95,1,99,99,2,61,5
254,5,6,1,3,2,1,15,1
255,5,4,1,3,2,1,24,2
256,2,1,1,3,2,1,46,5
257,5,4,2,2,2,2,16,1
258,5,4,1,3,2,2,22,2
259,3,4,1,2,2,1,46,5
260,3,95,1,99,99,2,50,5
261,4,1,1,2,2,1,14,1
262,9,4,5,2,2,1,15,1
263,8,1,1,3,2,1,16,1
264,5,1,1,3,1,1,17,1
265,4,4,1,4,2,1,17,1
266,5,4,1,2,2,1,18,2
267,8,4,1,2,2,1,20,2
268,3,1,1,2,2,1,22,2
269,5,4,1,3,2,1,24,2
270,9,1,1,3,2,1,26,3
271,3,4,1,2,2,1,28,3
272,3,4,6,3,2,1,30,3
273,5,4,1,2,2,1,34,3
274,4,4,4,2,2,1,37,4
275,4,4,1,3,2,1,39,4
276,4,4,4,2,2,1,44,4
277,2,1,1,2,2,1,47,5
278,3,4,1,3,2,1,54,5
279,5,4,1,3,2,1,59,5
280,10,4,4,2,2,2,14,1
281,2,4,1,3,2,2,15,1
282,4,4,2,3,2,2,16,1
283,6,4,1,3,2,2,18,2
284,4,1,1,2,2,2,20,2
285,6,2,1,2,2,2,20,2
286,4,4,1,2,2,2,21,2
287,2,4,1,3,2,2,22,2
288,7,4,5,2,2,2,23,2
289,4,4,1,3,2,2,24,2
290,4,4,1,2,2,2,25,2
291,3,1,1,2,2,2,26,3
292,4,4,1,1,2,2,26,3
293,6,1,1,3,2,2,29,3
294,3,4,1,2,2,2,30,3
295,3,4,1,2,2,2,31,3
296,4,4,1,3,2,2,34,3
297,3,4,1,2,2,2,35,3
298,5,4,1,3,2,2,40,4
299,5,4,1,3,2,2,44,4
300,2,4,1,3,2,2,47,5
301,3,4,1,2,2,2,48,5
302,2,4,1,3,2,2,54,5
303,4,4,5,3,2,2,58,5
304,4,4,1,2,2,1,26,3
305,3,1,1,3,2,1,19,2
306,5,1,1,3,2,1,32,3
307,4,4,1,3,1,1,45,4
308,7,1,1,3,2,2,17,1
309,5,4,4,3,2,2,30,3
310,4,4,1,2,2,1,23,2
311,10,4,1,3,2,2,26,3
312,6,4,1,2,3,1,20,2
313,2,1,1,2,2,2,66,5
314,5,4,1,2,2,1,28,3
315,4,4,6,2,2,1,37,4
316,3,4,1,3,2,2,55,5
317,4,1,1,2,2,2,26,3
318,5,4,1,2,2,2,35,3
319,3,4,1,4,3,1,42,4
320,3,1,1,4,2,2,34,3
321,2,4,1,3,1,1,35,3
322,3,4,1,3,2,2,33,3
323,4,95,1,99,99,1,22,2
324,5,95,1,99,99,1,43,4
325,9,95,1,99,99,1,65,5
326,2,95,1,99,99,2,50,5
327,3,95,1,99,99,2,62,5
328,5,4,2,2,2,2,16,1
329,3,1,1,3,2,1,13,1
330,3,1,1,1,2,1,16,1
331,5,4,1,2,2,1,17,1
332,5,4,1,3,2,1,20,2
333,3,4,3,4,2,1,25,2
334,5,4,1,2,2,1,30,3
335,12,4,1,3,2,1,37,4
336,6,4,1,2,2,1,44,4
337,3,4,1,3,2,1,55,5
338,4,4,5,3,2,2,15,1
339,5,4,1,3,2,2,17,1
340,1,4,4,3,2,2,20,2
341,3,4,1,3,2,2,23,2
342,6,4,1,3,2,2,26,3
343,3,4,1,3,2,2,30,3
344,8,1,1,2,2,2,37,4
345,2,4,1,3,2,2,44,4
346,4,2,1,3,2,2,55,5
347,5,4,1,3,2,1,21,2
348,5,4,1,2,2,1,45,4
349,5,4,1,3,2,2,44,4
350,12,4,1,3,2,1,14,1
351,4,4,6,2,2,1,38,4
352,4,4,1,3,2,1,33,3
353,1,1,5,4,1,2,35,3
354,2,95,1,99,99,2,50,5
355,3,1,1,3,2,1,14,1
356,3,1,1,3,2,1,15,1
357,6,4,1,2,2,1,16,1
358,7,4,1,3,2,1,17,1
359,5,4,5,3,2,1,17,1
360,5,1,5,3,2,1,19,2
361,3,1,1,2,2,1,20,2
362,6,4,5,3,2,1,22,2
363,3,4,3,4,2,1,25,2
364,3,4,6,3,2,1,26,3
365,4,4,1,3,2,1,28,3
366,5,4,4,2,2,1,30,3
367,6,4,1,2,1,1,34,3
368,2,4,1,3,2,1,37,4
369,4,4,1,3,2,1,39,4
370,6,4,1,2,2,1,45,5
371,3,4,5,99,2,1,48,5
372,1,4,1,99,2,1,55,5
373,4,4,1,2,2,1,59,5
374,4,1,1,2,2,2,14,1
375,4,1,1,3,3,2,15,1
376,8,4,1,4,2,2,17,1
377,6,4,4,2,2,2,18,2
378,4,4,1,3,2,2,20,2
379,4,1,1,3,2,2,20,2
380,3,4,5,2,2,2,21,2
381,6,4,1,3,2,2,23,2
382,7,4,1,3,2,2,23,2
383,6,4,1,2,2,2,24,2
384,6,4,1,2,2,2,25,2
385,8,4,1,3,2,2,27,3
386,4,1,5,2,2,2,29,3
387,3,4,1,2,2,2,30,3
388,3,4,1,3,2,2,32,3
389,6,4,1,3,2,2,35,3
390,3,4,1,2,2,2,36,4
391,5,4,1,3,2,2,41,4
392,4,4,1,3,2,2,44,4
393,3,4,1,3,2,2,48,5
394,5,4,1,99,2,2,54,5
395,4,2,1,3,2,2,60,5
396,5,7,1,3,1,2,13,1
397,4,4,1,2,2,1,20,2
398,6,4,1,4,2,1,34,3
399,4,1,1,3,2,1,49,5
400,4,4,1,3,2,2,17,1
401,4,4,1,3,2,2,35,3
402,5,4,1,3,2,2,14,1
403,5,4,1,3,2,2,57,5
404,6,4,1,2,3,1,21,2
405,4,4,1,2,2,2,32,3
406,8,1,1,2,2,2,44,4
407,4,5,1,2,2,2,25,2
408,3,4,1,2,2,2,30,3
409,4,1,1,2,2,2,27,3
410,5,4,1,3,2,2,25,2
411,3,4,1,3,2,2,32,3
412,3,4,1,3,2,2,34,3
413,4,95,1,99,99,1,36,4
414,2,95,1,99,99,1,60,5
415,7,95,1,99,99,2,44,4
416,3,95,1,99,99,2,60,5
417,3,4,1,3,2,1,35,3
418,2,95,1,99,99,2,49,5
419,2,4,1,4,2,1,15,1
420,5,4,1,2,2,1,17,1
421,4,4,5,2,2,1,20,2
422,2,1,5,2,2,1,24,2
423,5,4,1,2,2,1,28,3
424,5,1,3,2,2,1,34,3
425,2,4,5,1,2,1,40,4
426,3,4,5,99,2,1,52,5
427,2,7,1,3,2,2,13,1
428,2,4,1,2,2,2,16,1
429,4,4,1,3,2,2,19,2
430,3,4,1,2,2,2,23,2
431,2,4,1,2,2,2,25,2
432,5,4,1,3,2,2,29,3
433,3,1,1,2,2,2,35,3
434,5,4,1,3,2,2,43,4
435,4,4,1,3,2,2,50,5
436,2,4,1,3,2,1,52,5
437,5,4,1,2,2,1,37,4
438,3,4,5,3,2,2,27,3
439,4,4,1,3,2,2,20,2
440,5,4,1,2,2,1,33,3
441,5,4,1,2,2,2,28,3
442,5,3,1,3,1,1,36,4
443,4,95,1,99,99,1,41,4
444,1,95,1,99,99,1,50,5
445,4,95,1,99,99,1,57,5
446,4,95,1,99,99,1,61,5
447,4,95,1,99,99,2,24,2
448,5,95,1,99,99,2,34,3
449,6,95,1,99,99,2,45,4
450,3,95,1,99,99,2,50,5
451,3,95,1,99,99,2,52,5
452,3,95,1,99,99,2,56,5
453,5,95,1,99,99,2,61,5
454,4,95,1,99,99,2,64,5
455,5,2,1,3,2,1,19,2
456,3,4,1,3,2,1,34,3
457,2,1,1,2,2,1,50,5
458,4,4,1,2,2,2,19,2
459,3,4,1,2,2,2,40,4
460,3,95,1,99,99,2,54,5
461,2,4,1,4,2,1,14,1
462,5,4,1,2,2,1,16,1
463,5,4,5,2,2,1,16,1
464,9,4,5,3,2,1,17,1
465,5,4,1,2,2,1,17,1
466,6,4,5,2,2,1,19,2
467,6,4,1,3,2,1,20,2
468,6,4,1,2,2,1,22,2
469,6,4,1,4,2,1,25,2
470,6,4,5,2,2,1,26,3
471,4,4,1,2,2,1,28,3
472,7,4,1,2,2,1,30,3
473,4,4,1,2,2,1,34,3
474,5,4,5,99,2,1,38,4
475,2,4,5,1,2,1,40,4
476,4,4,1,3,2,1,46,4
477,5,4,1,3,2,1,50,5
478,5,4,1,99,2,1,55,5
479,3,4,1,3,2,1,60,5
480,5,1,1,2,2,2,14,1
481,4,5,5,2,2,2,15,1
482,4,4,1,1,2,2,17,1
483,6,4,1,4,3,2,18,2
484,4,4,1,3,2,2,21,2
485,4,4,1,3,2,2,21,2
486,7,4,5,2,2,2,23,2
487,5,4,1,2,2,2,23,2
488,10,4,1,3,2,2,24,2
489,2,4,1,3,2,2,25,2
490,5,4,1,4,2,2,27,3
491,3,1,1,2,2,2,29,3
492,3,4,1,3,2,2,31,3
493,5,1,1,3,2,2,33,3
494,5,1,1,3,2,2,35,3
495,4,4,1,3,1,2,36,4
496,2,4,1,3,2,2,38,4
497,2,4,1,3,2,2,41,4
498,4,4,5,3,2,2,44,4
499,4,4,1,3,2,2,49,5
500,2,4,1,3,2,2,55,5
501,4,4,5,4,2,2,61,5
502,5,7,1,3,1,2,14,1
503,3,1,1,3,2,1,22,2
504,6,4,1,2,2,1,34,3
505,5,95,1,2,1,1,51,5
506,5,4,1,3,2,2,19,2
507,5,4,1,3,2,2,16,1
508,4,1,1,2,2,1,47,5
509,5,4,4,3,3,2,28,3
510,5,1,1,3,2,1,26,3
511,8,1,1,2,2,2,45,4
512,4,5,1,2,2,2,31,3
513,2,2,4,3,2,1,19,2
514,3,3,1,2,2,1,22,2
515,5,4,1,2,2,1,36,4
516,3,1,1,4,2,2,17,1
517,4,4,2,2,2,1,27,3
518,3,95,1, ,99,1,40,4
519,1,95,1, ,99,1,47,5
520,4,95,1, ,99,2,25,2
521,7,95,1, ,99,2,52,5
522,5,6,1,3,2,1,15,1
523,5,4,1,2,2,2,19,2
524,6,4,1,2,2,1,14,1
525,5,4,1,3,2,1,16,1
526,6,1,1,2,2,1,18,2
527,2,4,4,2,2,1,21,2
528,4,1,1,2,2,1,26,3
529,4,1,1,3,1,1,30,3
530,4,4,1,2,2,1,38,4
531,4,95,1,2,2,1,46,5
532,1,4,1,99,2,1,58,5
533,3,4,1,2,2,2,15,1
534,8,4,1,3,2,2,18,2
535,6,4,4,2,2,2,21,2
536,4,4,1,2,2,2,23,2
537,4,4,1,1,2,2,26,3
538,3,4,1,2,2,2,32,3
539,10,4,1,2,3,2,38,4
540,4,4,1,3,3,2,45,4
541,5,4,1,3,2,2,57,5
542,1,4,1,3,2,1,23,2
543,4,4,1,3,2,2,16,1
544,5,4,1,2,2,2,25,2
545,5,4,1,2,2,1,26,3
546,4,1,1,3,2,2,35,3
547,5,4,1,2,2,1,45,4
548,4,4,2,2,2,1,26,3
549,2,95,1,99,99,1,30,3
550,5,95,1,99,99,1,44,4
551,9,95,1,99,99,1,50,5
552,2,95,1,99,99,1,57,5
553,9,95,1,99,99,1,64,5
554,5,95,1,99,99,2,27,3
555,3,95,1,99,99,2,60,5
556,5,4,1,99,2,1,14,1
557,6,4,1,2,2,1,16,1
558,3,4,4,2,2,1,16,1
559,5,1,1,3,1,1,17,1
560,4,4,1,2,2,1,17,1
561,4,4,1,2,2,1,20,2
562,7,1,5,3,2,1,21,2
563,5,4,1,2,2,1,22,2
564,4,4,3,3,2,1,25,2
565,6,4,2,1,2,1,26,3
566,5,4,1,3,2,1,29,3
567,5,4,1,2,2,1,31,3
568,5,4,1,2,2,1,35,3
569,4,4,1,2,2,1,38,4
570,5,4,1,2,2,1,40,4
571,6,4,1,2,2,1,46,5
572,8,4,1,99,2,1,50,5
573,3,2,1,3,2,1,56,5
574,8,4,1,99,2,1,60,5
575,5,4,5,3,2,2,14,1
576,4,4,2,3,2,2,15,1
577,6,4,1,3,2,2,17,1
578,4,4,1,3,2,2,18,2
579,6,4,5,3,2,2,21,2
580,4,4,1,2,2,2,21,2
581,5,4,1,2,2,2,23,2
582,6,4,1,2,2,2,23,2
583,6,4,5,3,2,2,25,2
584,3,4,1,3,2,2,25,2
585,6,4,1,3,2,2,27,3
586,3,4,1,3,2,2,29,3
587,4,4,1,3,2,2,33,3
588,2,4,1,3,2,2,36,4
589,5,4,1,2,2,2,38,4
590,4,4,1,3,2,2,42,4
591,4,4,5,3,2,2,44,4
592,3,4,1,2,2,2,49,5
593,6,4,1,2,2,2,55,5
594,2,4,1,3,2,1,60,5
595,6,4,4,3,2,1,22,2
596,3,4,1,3,2,1,35,3
597,4,1,1,3,2,1,57,5
598,5,4,1,3,2,2,21,2
599,5,4,1,2,2,2,28,3
600,4,1,1,2,2,1,57,5
601,5,4,4,3,3,2,33,3
602,4,1,1,4,2,1,27,3
603,3,4,1,2,2,2,27,3
604,5,1,1,3,2,1,61,5
605,3,4,1,2,2,2,58,5
606,3,3,1,2,2,1,24,2
607,6,1,1,2,2,1,19,2
608,4,4,1,3,1,1,37,4
609,9,95,1,99,99,1,24,2
610,4,95,1,99,99,1,56,5
611,3,95,2,99,99,2,35,3
612,1,95,2,99,99,2,56,5
613,4,4,1,2,2,1,27,3
614,5,4,1,3,2,2,45,4
615,8,1,1,3,2,1,15,1
616,8,4,1,2,2,1,17,1
617,2,4,5,3,2,1,19,2
618,4,4,3,3,2,1,23,2
619,4,1,5,2,2,1,27,3
620,6,4,1,2,2,1,33,3
621,4,4,1,2,2,1,39,4
622,1,4,1,2,2,1,48,5
623,6,4,1,3,2,1,61,5
624,2,4,5,3,2,2,16,1
625,8,4,1,3,2,2,19,2
626,5,4,1,2,2,2,22,2
627,10,4,1,3,2,2,24,2
628,6,1,1,3,2,2,28,3
629,5,4,1,4,2,2,35,3
630,6,1,1,3,2,2,41,4
631,2,4,1,1,2,2,48,5
632,4,4,5,4,2,2,64,5
633,6,4,1,2,2,1,32,3
634,3,4,1,2,2,2,25,2
635,2,4,1,3,2,2,21,2
636,4,2,1,2,2,2,30,3
637,3,4,1,2,2,2,32,3
638,3,1,1,4,2,2,16,1
639,4,95,1,99,99,1,41,4
640,2,95,1,99,99,1,50,5
641,4,95,1,99,99,1,57,5
642,2,95,1,99,99,1,61,5
643,4,95,1,99,99,2,27,3
644,6,95,1,99,99,2,36,4
645,3,95,1,99,99,2,63,5
646,5,4,1,99,2,1,14,1
647,4,4,1,2,2,1,16,1
648,9,4,5,2,2,1,16,1
649,4,4,1,2,2,1,17,1
650,6,3,5,2,1,1,18,2
651,4,1,1,2,2,1,20,2
652,2,4,1,2,2,1,21,2
653,5,1,4,2,2,1,23,2
654,6,3,5,2,1,1,25,2
655,5,4,5,2,2,1,26,3
656,4,4,1,3,2,1,29,3
657,6,4,1,2,2,1,31,3
658,4,4,1,3,2,1,35,3
659,5,4,5,99,2,1,38,4
660,4,4,1,3,2,1,40,4
661,6,4,1,3,2,1,46,5
662,6,4,1,2,2,1,51,5
663,5,4,1,99,2,1,56,5
664,1,4,1,4,2,1,62,5
665,4,1,1,3,3,2,14,1
666,6,1,1,2,2,2,16,1
667,8,4,1,4,2,2,17,1
668,2,4,1,2,2,2,18,2
669,8,4,1,3,2,2,21,2
670,5,4,1,3,2,2,22,2
671,3,4,1,2,2,2,23,2
672,4,4,4,3,2,2,23,2
673,4,4,1,3,2,2,25,2
674,4,4,1,1,2,2,27,3
675,6,4,1,3,2,2,30,3
676,8,4,1,2,2,2,36,4
677,5,4,1,3,2,2,38,4
678,7,1,1,2,2,2,42,4
679,3,4,1,2,2,2,44,4
680,4,1,1,2,2,2,50,5
681,6,4,1,2,2,2,55,5
682,2,1,1,2,2,1,29,3
683,5,4,1,2,2,1,22,2
684,5,1,1,1,2,1,37,4
685,4,4,1,2,2,2,21,2
686,4,4,5,2,2,2,26,3
687,3,4,1,99,2,2,31,3
688,4,4,1,3,2,2,24,2
689,12,4,1,3,2,1,15,1
690,5,1,1,3,2,1,34,3
691,3,4,1,2,2,2,28,3
692,5,1,1,3,2,1,62,5
693,4,4,1,2,2,2,36,4
694,4,4,1,3,2,1,26,3
695,6,1,4,4,2,1,21,2
696,4,4,1,3,1,1,38,4
697,3,95,1,99,99,1,39,4
698,4,95,1,99,99,1,44,4
699,9,95,1,99,99,1,51,5
700,1,95,2,99,99,1,60,5
701,1,95,1,99,99,1,70,5
702,2,95,1,99,99,2,31,3
703,2,95,1,99,99,2,47,5
704,5,95,1,99,99,2,50,5
705,1,95,2,99,99,2,54,5
706,4,95,1,99,99,2,60,5
707,5,95,1,99,99,2,61,5
708,5,95,1,99,99,2,65,5
709,4,4,1,2,2,1,20,2
710,5,4,1,3,2,1,35,4
711,9,4,1,3,2,2,13,1
712,4,4,4,3,2,2,21,2
713,3,4,1,2,2,2,48,5
714,4,1,1,2,2,1,13,1
715,3,4,4,2,2,1,15,1
716,5,4,1,2,2,1,16,1
717,5,4,5,3,2,1,16,1
718,4,4,1,4,2,1,17,1
719,3,1,1,2,2,1,18,2
720,2,4,5,3,2,1,20,2
721,3,4,1,3,2,1,21,2
722,4,1,1,2,2,1,23,2
723,4,4,1,3,2,1,25,2
724,5,4,1,3,2,1,27,3
725,9,4,1,3,2,1,30,3
726,7,4,1,2,2,1,31,3
727,5,4,5,2,2,1,35,3
728,4,4,4,2,2,1,38,4
729,5,4,1,2,2,1,41,4
730,4,4,2,2,2,1,46,5
731,6,4,1,3,2,1,52,5
732,6,4,1,2,2,1,57,5
733,8,4,1,2,2,1,63,5
734,4,4,5,3,2,2,15,1
735,3,4,1,2,2,2,16,1
736,2,4,5,3,2,2,17,1
737,4,4,1,2,2,2,18,2
738,4,4,1,2,2,2,19,2
739,2,4,1,3,2,2,23,2
740,7,1,1,3,2,2,26,3
741,5,4,5,3,2,2,27,3
742,4,4,1,3,1,2,36,4
743,4,4,1,3,2,2,38,4
744,4,4,1,3,3,2,42,4
745,2,4,1,3,2,2,45,4
746,4,4,1,2,2,2,50,5
747,3,1,1,3,2,2,56,5
748,2,1,1,2,2,1,33,3
749,4,4,1,2,2,1,23,2
750,6,4,4,3,2,1,25,2
751,5,1,1,1,2,1,37,4
752,4,4,1,2,2,2,22,2
753,4,4,1,3,2,2,27,3
754,3,4,1,99,2,2,32,3
755,9,4,1,3,2,1,38,4
756,1,4,1,2,2,2,30,3
757,4,1,1,3,2,2,35,3
758,6,1,4,4,2,1,23,2
759,4,4,5,2,2,2,19,2
760,3,95,1,99,99,1,24,2
761,4,95,1,99,99,1,57,5
762,5,95,1,99,99,2,41,4
763,7,95,1,99,99,2,57,5
764,7,1,1,3,2,1,31,3
765,3,4,1,2,2,2,53,5
766,6,4,5,3,2,1,15,1
767,3,4,4,2,2,1,17,1
768,6,4,1,1,2,1,19,2
769,3,4,1,3,2,1,23,2
770,6,4,1,2,2,1,27,3
771,4,4,1,2,2,1,33,3
772,6,4,1,2,2,1,39,4
773,4,4,2,3,2,1,50,5
774,8,4,1,2,2,1,62,5
775,7,4,1,2,2,2,16,1
776,3,4,1,2,2,2,19,2
777,2,4,1,3,2,2,22,2
778,4,4,1,3,2,2,25,2
779,3,1,5,2,2,2,28,3
780,3,1,1,4,2,2,35,3
781,5,4,1,3,2,2,42,4
782,2,4,1,3,2,2,49,5
783,9,4,2,4,2,1,22,2
784,5,1,1,3,2,1,33,3
785,2,1,1,2,1,2,26,3
786,10,4,1,3,2,2,32,3
787,1,4,1,2,2,2,32,3
788,2,2,4,3,2,1,21,2
789,6,1,1,2,2,1,16,1
790,4,95,1,99,99,1,43,4
791,2,95,1,99,99,1,50,5
792,3,95,1,99,99,1,57,5
793,4,95,1,99,99,1,62,5
794,2,95,1,99,99,2,27,3
795,5,95,1,99,99,2,42,4
796,2,95,1,99,99,2,44,4
797,6,95,1,99,99,2,50,5
798,7,95,1,99,99,2,52,5
799,3,95,1,99,99,2,56,5
800,2,95,1,99,99,2,60,5
801,5,95,1,99,99,2,64,5
802,5,2,1,3,2,1,19,2
803,4,4,1,2,2,1,32,3
804,2,1,1,3,2,1,48,5
805,5,4,2,2,2,2,17,1
806,4,4,1,2,2,2,25,2
807,5,1,1,3,2,1,13,1
808,4,4,1,4,2,1,15,1
809,3,4,5,2,2,1,16,1
810,5,4,1,2,2,1,16,1
811,7,4,1,2,2,1,17,1
812,4,4,1,2,2,1,18,2
813,5,1,5,3,2,1,20,2
814,4,4,1,3,2,1,21,2
815,2,4,4,2,2,1,23,2
816,6,4,1,4,2,1,26,3
817,4,4,1,3,2,1,27,3
818,6,4,1,2,1,1,30,3
819,4,1,1,2,2,1,32,3
820,12,4,1,3,2,1,36,4
821,6,4,1,2,2,1,38,4
822,5,4,1,2,2,1,41,4
823,2,1,1,2,2,1,46,5
824,6,4,1,3,2,1,52,5
825,3,4,1,3,2,1,58,5
826,2,7,1,3,2,2,13,1
827,3,4,1,2,2,2,15,1
828,4,4,5,3,2,2,16,1
829,6,4,1,3,2,2,17,1
830,3,4,5,2,2,2,19,2
831,4,4,4,3,2,2,19,2
832,6,4,5,3,2,2,24,2
833,4,1,1,3,2,2,26,3
834,8,4,1,2,2,2,37,4
835,5,4,1,2,2,2,39,4
836,6,1,1,3,2,2,43,4
837,3,4,1,2,2,2,45,4
838,5,4,1,2,2,2,50,5
839,5,4,1,99,2,2,56,5
840,6,4,4,3,2,1,24,2
841,3,4,1,3,2,1,27,3
842,5,1,1,1,2,1,38,4
843,4,4,5,2,2,2,25,2
844,3,4,5,3,2,2,28,3
845,3,4,1,2,2,1,18,2
846,9,4,1,3,2,1,40,4
847,7,4,4,3,2,2,26,3
848,5,3,1,3,1,1,43,4
849,3,4,1,2,2,2,40,4
850,2,4,1,3,1,1,30,3
851,4,95,1,99,99,1,40,4
852,3,95,1,99,99,1,45,4
853,3,95,1,99,99,1,54,5
854,1,95,1,99,99,1,60,5
855,3,95,2,99,99,2,18,2
856,4,95,1,99,99,2,33,3
857,5,4,1,99,2,1,13,1
858,5,1,1,3,2,1,15,1
859,4,4,5,3,2,1,16,1
860,6,4,5,3,2,1,17,1
861,5,4,5,2,2,1,17,1
862,7,4,1,3,2,1,18,2
863,4,4,5,2,2,1,20,2
864,4,4,3,3,2,1,22,2
865,7,4,1,3,2,1,24,2
866,3,4,2,1,2,1,26,3
867,5,4,1,3,2,1,27,3
868,6,4,1,2,2,1,30,3
869,3,4,1,2,2,1,32,3
870,4,4,1,3,2,1,36,4
871,4,4,1,3,2,1,38,4
872,8,4,1,2,2,1,42,4
873,6,4,1,3,2,1,47,5
874,6,4,1,2,2,1,52,5
875,4,95,1,2,2,1,58,5
876,5,4,1,3,2,2,13,1
877,7,4,1,2,2,2,15,1
878,4,4,1,1,2,2,16,1
879,2,4,1,3,2,2,17,1
880,6,4,5,2,2,2,17,1
881,4,1,1,2,2,2,19,2
882,1,4,4,3,2,2,19,2
883,6,4,5,3,2,2,24,2
884,4,4,1,2,2,2,26,3
885,7,1,1,2,2,2,37,4
886,8,1,1,2,2,2,39,4
887,6,1,1,3,2,2,43,4
888,3,4,1,2,2,2,45,4
889,5,4,1,2,2,2,52,5
890,2,4,1,2,2,2,57,5
891,5,4,1,2,2,1,24,2
892,2,4,1,4,2,1,28,3
893,4,4,1,2,1,1,39,4
894,9,4,1,3,2,2,26,3
895,2,1,1,2,1,2,28,3
896,5,96,1,2,2,1,20,2
897,5,4,1,2,2,1,26,3
898,7,4,4,3,2,2,27,3
899,4,4,4,2,2,1,36,4
900,3,4,1,2,2,2,45,4